{"Cabinet|-01.67|+02.01|-01.54": {"x": -1.0, "y": 0.9009991884231567, "z": -0.75, "rotation": {"x": -0.0, "y": 180, "z": 0.0}, "horizon": -30.0, "standing": true}, "Cabinet|-00.57|+00.37|-01.24": {"x": 0.0, "y": 0.9009991884231567, "z": -0.5, "rotation": {"x": -0.0, "y": 180, "z": 0.0}, "horizon": 30.0, "standing": true}, "Cabinet|+00.38|+00.37|-01.24": {"x": -0.25, "y": 0.9009991884231567, "z": -0.5, "rotation": {"x": -0.0, "y": 180, "z": 0.0}, "horizon": 30.0, "standing": true}, "Cabinet|+00.78|+00.37|-01.24": {"x": 1.0, "y": 0.9009991884231567, "z": -0.5, "rotation": {"x": -0.0, "y": 180, "z": 0.0}, "horizon": 30.0, "standing": true}, "Cabinet|+01.78|+00.37|-01.24": {"x": 1.5, "y": 0.9009991884231567, "z": -0.75, "rotation": {"x": -0.0, "y": 90, "z": 0.0}, "horizon": 60.0, "standing": true}, "Cabinet|-01.48|+00.37|-01.24": {"x": -0.75, "y": 0.9009991884231567, "z": -0.5, "rotation": {"x": -0.0, "y": 270, "z": 0.0}, "horizon": 30.0, "standing": true}, "Cabinet|+01.78|+02.01|-01.54": {"x": 1.5, "y": 0.9009991884231567, "z": -0.75, "rotation": {"x": -0.0, "y": 180, "z": 0.0}, "horizon": 0.0, "standing": true}, "Cabinet|+00.52|+02.01|-01.54": {"x": 0.75, "y": 0.9009991884231567, "z": -0.75, "rotation": {"x": -0.0, "y": 180, "z": 0.0}, "horizon": 0.0, "standing": true}, "Cabinet|-02.22|+00.37|-01.87": {"x": -3.0, "y": 0.9009991884231567, "z": -1.25, "rotation": {"x": -0.0, "y": 90, "z": 0.0}, "horizon": 30.0, "standing": true}, "Cabinet|+01.45|+02.26|-01.54": {"x": 0.75, "y": 0.9009991884231567, "z": -0.75, "rotation": {"x": -0.0, "y": 180, "z": 0.0}, "horizon": -30.0, "standing": true}, "Cabinet|-02.17|+02.01|-01.54": {"x": -2.75, "y": 0.9009991884231567, "z": -1.25, "rotation": {"x": -0.0, "y": 90, "z": 0.0}, "horizon": -30.0, "standing": true}, "Cabinet|+00.85|+02.26|-01.54": {"x": 1.5, "y": 0.9009991884231567, "z": -0.75, "rotation": {"x": -0.0, "y": 180, "z": 0.0}, "horizon": -30.0, "standing": true}, "Cabinet|-00.71|+02.01|-01.54": {"x": -0.75, "y": 0.9009991884231567, "z": -0.75, "rotation": {"x": -0.0, "y": 180, "z": 0.0}, "horizon": 0.0, "standing": true}, "CoffeeMachine|-01.11|+00.90|-01.73": {"x": -0.5, "y": 0.9009991884231567, "z": -0.75, "rotation": {"x": -0.0, "y": 180, "z": 0.0}, "horizon": 30.0, "standing": true}, "CounterTop|+01.65|+00.95|-01.53": {"x": 1.5, "y": 0.9009991884231567, "z": -0.75, "rotation": {"x": -0.0, "y": 180, "z": 0.0}, "horizon": 30.0, "standing": true}, "CounterTop|-01.87|+00.95|-00.61": {"x": -2.5, "y": 0.9009991884231567, "z": -1.5, "rotation": {"x": -0.0, "y": 90, "z": 0.0}, "horizon": 30.0, "standing": true}, "DiningTable|-02.66|+00.00|+03.21": {"x": -2.5, "y": 0.9009991884231567, "z": 2.25, "rotation": {"x": -0.0, "y": 0, "z": 0.0}, "horizon": 30.0, "standing": true}, "Drawer|-01.64|+00.68|-00.93": {"x": -0.5, "y": 0.9009991884231567, "z": -0.5, "rotation": {"x": -0.0, "y": 270, "z": 0.0}, "horizon": 60.0, "standing": true}, "Drawer|+01.65|+00.68|-01.40": {"x": 1.5, "y": 0.9009991884231567, "z": -0.25, "rotation": {"x": -0.0, "y": 180, "z": 0.0}, "horizon": 60.0, "standing": true}, "Drawer|+00.60|+00.68|-01.40": {"x": 0.0, "y": 0.9009991884231567, "z": -0.25, "rotation": {"x": -0.0, "y": 180, "z": 0.0}, "horizon": 60.0, "standing": true}, "Drawer|-02.06|+00.68|-01.58": {"x": -3.25, "y": 0.9009991884231567, "z": -1.0, "rotation": {"x": -0.0, "y": 90, "z": 0.0}, "horizon": 60.0, "standing": true}, "Fridge|-00.04|+00.00|+02.18": {"x": 0.0, "y": 0.9009991884231567, "z": 1.25, "rotation": {"x": -0.0, "y": 0, "z": 0.0}, "horizon": 0.0, "standing": true}, "GarbageCan|-00.87|00.00|+02.14": {"x": -1.25, "y": 0.9009991884231567, "z": 2.25, "rotation": {"x": -0.0, "y": 180, "z": 0.0}, "horizon": 60.0, "standing": true}, "Microwave|+01.15|+01.66|-01.61": {"x": 1.5, "y": 0.9009991884231567, "z": -0.75, "rotation": {"x": -0.0, "y": 180, "z": 0.0}, "horizon": 0.0, "standing": true}, "Shelf|+03.73|+00.17|+01.67": {"x": 3.25, "y": 0.9009991884231567, "z": 1.75, "rotation": {"x": -0.0, "y": 180, "z": 0.0}, "horizon": 60.0, "standing": true}, "Shelf|+03.73|+00.88|+01.67": {"x": 3.25, "y": 0.9009991884231567, "z": 1.5, "rotation": {"x": -0.0, "y": 90, "z": 0.0}, "horizon": 30.0, "standing": true}, "Shelf|+03.73|+00.55|+01.67": {"x": 3.0, "y": 0.9009991884231567, "z": 1.75, "rotation": {"x": -0.0, "y": 90, "z": 0.0}, "horizon": 30.0, "standing": true}, "Sink|+00.02|+00.77|-01.71|SinkBasin": {"x": -0.25, "y": 0.9009991884231567, "z": -0.75, "rotation": {"x": -0.0, "y": 180, "z": 0.0}, "horizon": 30.0, "standing": true}}