{"Cabinet|+00.68|+00.50|-02.20": {"x": 0.0, "y": 0.900999128818512, "z": -1.5, "rotation": {"x": -0.0, "y": 180, "z": 0.0}, "horizon": 30.0, "standing": true}, "Cabinet|-01.18|+00.50|-02.20": {"x": -1.0, "y": 0.900999128818512, "z": -1.5, "rotation": {"x": -0.0, "y": 180, "z": 0.0}, "horizon": 30.0, "standing": true}, "Cabinet|-01.55|+00.50|+00.38": {"x": -1.0, "y": 0.900999128818512, "z": 0.5, "rotation": {"x": -0.0, "y": 180, "z": 0.0}, "horizon": 60.0, "standing": true}, "Cabinet|+00.72|+02.02|-02.46": {"x": 0.75, "y": 0.900999128818512, "z": -1.75, "rotation": {"x": -0.0, "y": 180, "z": 0.0}, "horizon": 0.0, "standing": true}, "Cabinet|-01.85|+02.02|+00.38": {"x": -1.25, "y": 0.900999128818512, "z": 0.25, "rotation": {"x": -0.0, "y": 270, "z": 0.0}, "horizon": 0.0, "standing": true}, "Cabinet|+00.68|+02.02|-02.46": {"x": 0.25, "y": 0.900999128818512, "z": -1.75, "rotation": {"x": -0.0, "y": 180, "z": 0.0}, "horizon": 0.0, "standing": true}, "Cabinet|-01.55|+00.50|-01.97": {"x": -1.0, "y": 0.900999128818512, "z": -1.5, "rotation": {"x": -0.0, "y": 270, "z": 0.0}, "horizon": 30.0, "standing": true}, "Cabinet|-01.69|+02.02|-02.46": {"x": -1.25, "y": 0.900999128818512, "z": -1.75, "rotation": {"x": -0.0, "y": 180, "z": 0.0}, "horizon": 0.0, "standing": true}, "Cabinet|-00.73|+02.02|-02.46": {"x": -1.0, "y": 0.900999128818512, "z": -1.75, "rotation": {"x": -0.0, "y": 180, "z": 0.0}, "horizon": 0.0, "standing": true}, "CoffeeMachine|-01.98|+00.90|-00.19": {"x": -1.25, "y": 0.900999128818512, "z": 0.0, "rotation": {"x": -0.0, "y": 270, "z": 0.0}, "horizon": 60.0, "standing": true}, "CounterTop|+00.69|+00.95|-02.48": {"x": 0.75, "y": 0.900999128818512, "z": -1.75, "rotation": {"x": -0.0, "y": 180, "z": 0.0}, "horizon": 30.0, "standing": true}, "CounterTop|-00.08|+01.15|00.00": {"x": 0.0, "y": 0.900999128818512, "z": -1.25, "rotation": {"x": -0.0, "y": 0, "z": 0.0}, "horizon": 60.0, "standing": true}, "CounterTop|-01.87|+00.95|-01.21": {"x": -1.25, "y": 0.900999128818512, "z": -1.75, "rotation": {"x": -0.0, "y": 180, "z": 0.0}, "horizon": 60.0, "standing": true}, "Drawer|-01.56|+00.66|-00.20": {"x": -1.0, "y": 0.900999128818512, "z": 0.0, "rotation": {"x": -0.0, "y": 270, "z": 0.0}, "horizon": 30.0, "standing": true}, "Drawer|+00.95|+00.83|-02.20": {"x": 1.0, "y": 0.900999128818512, "z": -1.75, "rotation": {"x": -0.0, "y": 180, "z": 0.0}, "horizon": 30.0, "standing": true}, "Drawer|+00.95|+00.56|-02.20": {"x": 0.5, "y": 0.900999128818512, "z": -1.5, "rotation": {"x": -0.0, "y": 90, "z": 0.0}, "horizon": 60.0, "standing": true}, "Drawer|-01.56|+00.84|+00.20": {"x": -1.0, "y": 0.900999128818512, "z": 0.5, "rotation": {"x": -0.0, "y": 270, "z": 0.0}, "horizon": 30.0, "standing": true}, "Drawer|+00.95|+00.71|-02.20": {"x": 0.75, "y": 0.900999128818512, "z": -1.75, "rotation": {"x": -0.0, "y": 90, "z": 0.0}, "horizon": 60.0, "standing": true}, "Drawer|+00.95|+00.39|-02.20": {"x": 1.0, "y": 0.900999128818512, "z": -1.5, "rotation": {"x": -0.0, "y": 180, "z": 0.0}, "horizon": 30.0, "standing": true}, "Drawer|-01.56|+00.33|-00.20": {"x": -1.0, "y": 0.900999128818512, "z": 0.0, "rotation": {"x": -0.0, "y": 180, "z": 0.0}, "horizon": 60.0, "standing": true}, "Drawer|-01.56|+00.84|-00.20": {"x": -1.0, "y": 0.900999128818512, "z": -0.5, "rotation": {"x": -0.0, "y": 270, "z": 0.0}, "horizon": 30.0, "standing": true}, "Fridge|-02.10|+00.00|+01.07": {"x": -1.25, "y": 0.900999128818512, "z": 1.0, "rotation": {"x": -0.0, "y": 270, "z": 0.0}, "horizon": 0.0, "standing": true}, "GarbageCan|-01.94|00.00|+02.03": {"x": -1.25, "y": 0.900999128818512, "z": 2.0, "rotation": {"x": -0.0, "y": 270, "z": 0.0}, "horizon": 30.0, "standing": true}, "Microwave|-00.24|+01.69|-02.53": {"x": 0.0, "y": 0.900999128818512, "z": -1.75, "rotation": {"x": -0.0, "y": 180, "z": 0.0}, "horizon": 0.0, "standing": true}, "Sink|-01.90|+00.97|-01.50|SinkBasin": {"x": -1.25, "y": 0.900999128818512, "z": -1.5, "rotation": {"x": -0.0, "y": 270, "z": 0.0}, "horizon": 30.0, "standing": true}}