{"Bed|+00.96|+00.00|-00.72": {"x": 0.25, "y": 0.9009991884231567, "z": -0.5, "rotation": {"x": -0.0, "y": 90, "z": 0.0}, "horizon": 30.0, "standing": true}, "Desk|+01.19|+00.00|+01.38": {"x": 0.5, "y": 0.9009991884231567, "z": 1.25, "rotation": {"x": -0.0, "y": 90, "z": 0.0}, "horizon": 30.0, "standing": true}, "Drawer|+01.10|+00.62|+01.72": {"x": 0.25, "y": 0.9009991884231567, "z": 1.5, "rotation": {"x": -0.0, "y": 90, "z": 0.0}, "horizon": 30.0, "standing": true}, "Drawer|+01.10|+00.41|+01.72": {"x": 0.25, "y": 0.9009991884231567, "z": 1.75, "rotation": {"x": -0.0, "y": 90, "z": 0.0}, "horizon": 30.0, "standing": true}, "Drawer|-00.10|+00.16|-01.62": {"x": 0.0, "y": 0.9009991884231567, "z": -1.25, "rotation": {"x": -0.0, "y": 270, "z": 0.0}, "horizon": 60.0, "standing": true}, "Drawer|-00.10|+00.46|-01.62": {"x": -0.5, "y": 0.9009991884231567, "z": -0.75, "rotation": {"x": -0.0, "y": 180, "z": 0.0}, "horizon": 30.0, "standing": true}, "Shelf|+01.32|+01.17|+01.39": {"x": 0.5, "y": 0.9009991884231567, "z": 1.5, "rotation": {"x": -0.0, "y": 90, "z": 0.0}, "horizon": 0.0, "standing": true}, "SideTable|-00.10|00.00|-01.69": {"x": 0.25, "y": 0.9009991884231567, "z": -1.25, "rotation": {"x": -0.0, "y": 270, "z": 0.0}, "horizon": 60.0, "standing": true}}