{"ArmChair|+00.42|+00.01|+05.13": {"x": 0.25, "y": 0.9070531129837036, "z": 6.0, "rotation": {"x": -0.0, "y": 180, "z": 0.0}, "horizon": 30.0, "standing": true}, "CoffeeTable|+00.41|+00.01|+02.61": {"x": 1.0, "y": 0.9070531129837036, "z": 2.0, "rotation": {"x": -0.0, "y": 0, "z": 0.0}, "horizon": 60.0, "standing": true}, "DiningTable|-04.30|+00.01|-00.38": {"x": -4.25, "y": 0.9070531129837036, "z": -1.25, "rotation": {"x": -0.0, "y": 0, "z": 0.0}, "horizon": 30.0, "standing": true}, "Drawer|-01.03|+00.78|+00.23": {"x": -1.0, "y": 0.9070531129837036, "z": 0.75, "rotation": {"x": -0.0, "y": 180, "z": 0.0}, "horizon": 30.0, "standing": true}, "Drawer|+00.60|+00.23|+02.60": {"x": 1.0, "y": 0.9070531129837036, "z": 2.75, "rotation": {"x": -0.0, "y": 180, "z": 0.0}, "horizon": 60.0, "standing": true}, "Drawer|+00.60|+00.39|+02.60": {"x": 1.25, "y": 0.9070531129837036, "z": 1.75, "rotation": {"x": -0.0, "y": 270, "z": 0.0}, "horizon": 60.0, "standing": true}, "Drawer|+00.21|+00.23|+02.61": {"x": -0.25, "y": 0.9070531129837036, "z": 2.75, "rotation": {"x": -0.0, "y": 180, "z": 0.0}, "horizon": 60.0, "standing": true}, "Drawer|+00.21|+00.39|+02.60": {"x": -0.25, "y": 0.9070531129837036, "z": 2.75, "rotation": {"x": -0.0, "y": 180, "z": 0.0}, "horizon": 60.0, "standing": true}, "SideTable|-01.03|+00.01|+00.16": {"x": -1.0, "y": 0.9070531129837036, "z": 0.75, "rotation": {"x": -0.0, "y": 180, "z": 0.0}, "horizon": 30.0, "standing": true}, "Sofa|-01.53|+00.01|+02.56": {"x": -1.5, "y": 0.9070531129837036, "z": 1.0, "rotation": {"x": -0.0, "y": 0, "z": 0.0}, "horizon": 30.0, "standing": true}}