{"Desk|-01.71|+00.00|-00.37": {"x": -1.0, "y": 0.9010001420974731, "z": -0.5, "rotation": {"x": -0.0, "y": 270, "z": 0.0}, "horizon": 30.0, "standing": true}, "Drawer|+00.43|+00.20|-02.45": {"x": 0.25, "y": 0.9010001420974731, "z": -2.0, "rotation": {"x": -0.0, "y": 90, "z": 0.0}, "horizon": 60.0, "standing": true}, "Drawer|+00.43|+00.51|-02.45": {"x": 0.75, "y": 0.9010001420974731, "z": -1.75, "rotation": {"x": -0.0, "y": 180, "z": 0.0}, "horizon": 30.0, "standing": true}, "Drawer|-01.79|+00.39|-01.14": {"x": -1.0, "y": 0.9010001420974731, "z": -1.0, "rotation": {"x": -0.0, "y": 270, "z": 0.0}, "horizon": 30.0, "standing": true}, "Shelf|+01.59|+00.61|-02.31": {"x": 1.75, "y": 0.9010001420974731, "z": -1.75, "rotation": {"x": -0.0, "y": 180, "z": 0.0}, "horizon": 30.0, "standing": true}, "Shelf|+01.85|+00.45|-02.30": {"x": 1.5, "y": 0.9010001420974731, "z": -1.75, "rotation": {"x": -0.0, "y": 90, "z": 0.0}, "horizon": 60.0, "standing": true}, "Shelf|+01.31|+00.97|-02.30": {"x": 1.5, "y": 0.9010001420974731, "z": -2.0, "rotation": {"x": -0.0, "y": 270, "z": 0.0}, "horizon": 60.0, "standing": true}, "Shelf|+01.32|+00.46|-02.30": {"x": 1.5, "y": 0.9010001420974731, "z": -1.75, "rotation": {"x": -0.0, "y": 270, "z": 0.0}, "horizon": 60.0, "standing": true}, "Shelf|+01.31|+01.57|-02.30": {"x": 1.25, "y": 0.9010001420974731, "z": -2.0, "rotation": {"x": -0.0, "y": 180, "z": 0.0}, "horizon": 0.0, "standing": true}, "Shelf|+01.84|+01.37|-02.30": {"x": 1.75, "y": 0.9010001420974731, "z": -2.0, "rotation": {"x": -0.0, "y": 180, "z": 0.0}, "horizon": 0.0, "standing": true}, "Shelf|+01.84|+01.57|-02.30": {"x": 1.75, "y": 0.9010001420974731, "z": -2.0, "rotation": {"x": -0.0, "y": 180, "z": 0.0}, "horizon": 0.0, "standing": true}, "Shelf|+01.31|+01.37|-02.30": {"x": 1.25, "y": 0.9010001420974731, "z": -2.0, "rotation": {"x": -0.0, "y": 180, "z": 0.0}, "horizon": 0.0, "standing": true}, "Shelf|+01.84|+01.17|-02.30": {"x": 1.75, "y": 0.9010001420974731, "z": -2.0, "rotation": {"x": -0.0, "y": 180, "z": 0.0}, "horizon": 30.0, "standing": true}, "Shelf|+01.31|+01.17|-02.30": {"x": 1.25, "y": 0.9010001420974731, "z": -2.0, "rotation": {"x": -0.0, "y": 180, "z": 0.0}, "horizon": 30.0, "standing": true}, "Shelf|+01.84|+00.97|-02.30": {"x": 1.5, "y": 0.9010001420974731, "z": -1.75, "rotation": {"x": -0.0, "y": 180, "z": 0.0}, "horizon": 30.0, "standing": true}, "SideTable|-01.82|+00.00|-01.14": {"x": -1.0, "y": 0.9010001420974731, "z": -0.75, "rotation": {"x": -0.0, "y": 270, "z": 0.0}, "horizon": 30.0, "standing": true}, "SideTable|+00.44|+00.04|-02.65": {"x": 0.75, "y": 0.9010001420974731, "z": -2.0, "rotation": {"x": -0.0, "y": 180, "z": 0.0}, "horizon": 30.0, "standing": true}}