{"Cabinet|-00.50|+00.48|-01.15": {"x": -0.75, "y": 0.9009992480278015, "z": -0.5, "rotation": {"x": -0.0, "y": 90, "z": 0.0}, "horizon": 60.0, "standing": true}, "Cabinet|-01.39|+00.48|-01.15": {"x": -1.0, "y": 0.9009992480278015, "z": -0.5, "rotation": {"x": -0.0, "y": 180, "z": 0.0}, "horizon": 30.0, "standing": true}, "Cabinet|-00.63|+02.02|-01.45": {"x": -1.0, "y": 0.9009992480278015, "z": -0.75, "rotation": {"x": -0.0, "y": 180, "z": 0.0}, "horizon": 0.0, "standing": true}, "Cabinet|-01.70|+02.02|-01.45": {"x": -1.0, "y": 0.9009992480278015, "z": -0.75, "rotation": {"x": -0.0, "y": 270, "z": 0.0}, "horizon": -30.0, "standing": true}, "Cabinet|+01.79|+02.02|-00.82": {"x": 1.0, "y": 0.9009992480278015, "z": -0.75, "rotation": {"x": -0.0, "y": 90, "z": 0.0}, "horizon": -30.0, "standing": true}, "Cabinet|+00.50|+00.48|-01.15": {"x": 0.75, "y": 0.9009992480278015, "z": -0.5, "rotation": {"x": -0.0, "y": 270, "z": 0.0}, "horizon": 60.0, "standing": true}, "Cabinet|+00.41|+00.48|+00.45": {"x": 1.0, "y": 0.9009992480278015, "z": 0.75, "rotation": {"x": -0.0, "y": 270, "z": 0.0}, "horizon": 30.0, "standing": true}, "Cabinet|+01.71|+02.02|-01.45": {"x": 1.0, "y": 0.9009992480278015, "z": -0.75, "rotation": {"x": -0.0, "y": 180, "z": 0.0}, "horizon": 0.0, "standing": true}, "Cabinet|+01.39|+00.48|-01.15": {"x": 1.0, "y": 0.9009992480278015, "z": -0.5, "rotation": {"x": -0.0, "y": 180, "z": 0.0}, "horizon": 30.0, "standing": true}, "CoffeeMachine|+01.36|+00.90|-01.60": {"x": 1.0, "y": 0.9009992480278015, "z": -0.75, "rotation": {"x": -0.0, "y": 180, "z": 0.0}, "horizon": 30.0, "standing": true}, "CounterTop|+00.00|+00.95|-01.51": {"x": 1.0, "y": 0.9009992480278015, "z": -0.75, "rotation": {"x": -0.0, "y": 90, "z": 0.0}, "horizon": 60.0, "standing": true}, "CounterTop|-00.02|+00.96|+00.51": {"x": -0.75, "y": 0.9009992480278015, "z": 0.5, "rotation": {"x": -0.0, "y": 90, "z": 0.0}, "horizon": 30.0, "standing": true}, "Drawer|+00.81|+00.48|-01.16": {"x": 0.75, "y": 0.9009992480278015, "z": -0.5, "rotation": {"x": -0.0, "y": 180, "z": 0.0}, "horizon": 30.0, "standing": true}, "Drawer|+01.50|+00.20|-00.02": {"x": 1.25, "y": 0.9009992480278015, "z": 0.0, "rotation": {"x": -0.0, "y": 180, "z": 0.0}, "horizon": 60.0, "standing": true}, "Drawer|+01.50|+00.63|-00.02": {"x": 1.0, "y": 0.9009992480278015, "z": -0.25, "rotation": {"x": -0.0, "y": 90, "z": 0.0}, "horizon": 30.0, "standing": true}, "Drawer|+01.50|+00.14|+00.60": {"x": 1.25, "y": 0.9009992480278015, "z": 0.5, "rotation": {"x": -0.0, "y": 0, "z": 0.0}, "horizon": 60.0, "standing": true}, "Drawer|+01.50|+00.60|-00.02": {"x": 1.0, "y": 0.9009992480278015, "z": -0.25, "rotation": {"x": -0.0, "y": 0, "z": 0.0}, "horizon": 60.0, "standing": true}, "Drawer|+01.50|+00.20|+01.22": {"x": 1.0, "y": 0.9009992480278015, "z": 1.0, "rotation": {"x": -0.0, "y": 0, "z": 0.0}, "horizon": 60.0, "standing": true}, "Drawer|+01.50|+00.78|+01.22": {"x": 1.0, "y": 0.9009992480278015, "z": 1.5, "rotation": {"x": -0.0, "y": 90, "z": 0.0}, "horizon": 30.0, "standing": true}, "Drawer|+01.50|+00.31|+00.60": {"x": 1.0, "y": 0.9009992480278015, "z": 0.25, "rotation": {"x": -0.0, "y": 0, "z": 0.0}, "horizon": 60.0, "standing": true}, "Drawer|+01.50|+00.54|+00.60": {"x": 0.75, "y": 0.9009992480278015, "z": 1.0, "rotation": {"x": -0.0, "y": 90, "z": 0.0}, "horizon": 30.0, "standing": true}, "Drawer|+01.50|+00.63|+00.61": {"x": 1.0, "y": 0.9009992480278015, "z": 0.75, "rotation": {"x": -0.0, "y": 90, "z": 0.0}, "horizon": 30.0, "standing": true}, "Drawer|+01.50|+00.43|-00.02": {"x": 0.75, "y": 0.9009992480278015, "z": -0.5, "rotation": {"x": -0.0, "y": 0, "z": 0.0}, "horizon": 60.0, "standing": true}, "Drawer|-00.70|+00.48|-01.16": {"x": -1.0, "y": 0.9009992480278015, "z": -0.5, "rotation": {"x": -0.0, "y": 180, "z": 0.0}, "horizon": 30.0, "standing": true}, "Drawer|+01.50|+00.52|+01.22": {"x": 0.75, "y": 0.9009992480278015, "z": 1.75, "rotation": {"x": -0.0, "y": 90, "z": 0.0}, "horizon": 30.0, "standing": true}, "Fridge|-01.76|+00.00|00.00": {"x": -1.0, "y": 0.9009992480278015, "z": 0.0, "rotation": {"x": -0.0, "y": 270, "z": 0.0}, "horizon": 30.0, "standing": true}, "GarbageCan|-01.80|+00.01|+01.33": {"x": -1.25, "y": 0.9009992480278015, "z": 1.75, "rotation": {"x": -0.0, "y": 180, "z": 0.0}, "horizon": 60.0, "standing": true}, "Microwave|+01.93|+00.90|-00.77": {"x": 1.0, "y": 0.9009992480278015, "z": -0.75, "rotation": {"x": -0.0, "y": 90, "z": 0.0}, "horizon": 0.0, "standing": true}, "Sink|+00.00|+00.89|-01.44|SinkBasin": {"x": 0.0, "y": 0.9009992480278015, "z": -0.75, "rotation": {"x": -0.0, "y": 180, "z": 0.0}, "horizon": 30.0, "standing": true}}