{"Cabinet|-01.15|+02.02|+00.38": {"x": -0.5, "y": 0.9009991884231567, "z": -0.25, "rotation": {"x": -0.0, "y": 270, "z": 0.0}, "horizon": -30.0, "standing": true}, "Cabinet|-01.15|+02.27|-01.42": {"x": -0.5, "y": 0.9009991884231567, "z": -1.0, "rotation": {"x": -0.0, "y": 270, "z": 0.0}, "horizon": -30.0, "standing": true}, "Cabinet|-00.45|+00.47|-00.01": {"x": -0.25, "y": 0.9009991884231567, "z": -0.75, "rotation": {"x": -0.0, "y": 0, "z": 0.0}, "horizon": 30.0, "standing": true}, "Cabinet|-00.46|+02.27|-02.00": {"x": 0.25, "y": 0.9009991884231567, "z": -1.25, "rotation": {"x": -0.0, "y": 180, "z": 0.0}, "horizon": -30.0, "standing": true}, "Cabinet|+00.12|+02.27|-02.00": {"x": 0.5, "y": 0.9009991884231567, "z": -1.25, "rotation": {"x": -0.0, "y": 180, "z": 0.0}, "horizon": -30.0, "standing": true}, "Cabinet|-00.42|+00.37|-00.01": {"x": -0.5, "y": 0.9009991884231567, "z": -0.75, "rotation": {"x": -0.0, "y": 0, "z": 0.0}, "horizon": 30.0, "standing": true}, "Cabinet|-00.84|+00.47|-00.05": {"x": -0.25, "y": 0.9009991884231567, "z": -0.5, "rotation": {"x": -0.0, "y": 270, "z": 0.0}, "horizon": 30.0, "standing": true}, "Cabinet|-00.84|+00.47|-01.67": {"x": -0.25, "y": 0.9009991884231567, "z": -1.25, "rotation": {"x": -0.0, "y": 270, "z": 0.0}, "horizon": 30.0, "standing": true}, "Cabinet|-00.82|+00.47|-01.69": {"x": -0.5, "y": 0.9009991884231567, "z": -1.0, "rotation": {"x": -0.0, "y": 180, "z": 0.0}, "horizon": 30.0, "standing": true}, "Cabinet|+01.38|+00.46|-01.69": {"x": 1.0, "y": 0.9009991884231567, "z": -1.0, "rotation": {"x": -0.0, "y": 180, "z": 0.0}, "horizon": 30.0, "standing": true}, "Cabinet|-01.15|+02.02|-01.98": {"x": -0.5, "y": 0.9009991884231567, "z": -1.25, "rotation": {"x": -0.0, "y": 270, "z": 0.0}, "horizon": -30.0, "standing": true}, "Cabinet|-01.10|+02.02|-02.00": {"x": -0.5, "y": 0.9009991884231567, "z": -1.25, "rotation": {"x": -0.0, "y": 180, "z": 0.0}, "horizon": -30.0, "standing": true}, "Cabinet|+00.20|+02.02|-02.00": {"x": 0.5, "y": 0.9009991884231567, "z": -1.25, "rotation": {"x": -0.0, "y": 180, "z": 0.0}, "horizon": 0.0, "standing": true}, "Cabinet|+01.18|+02.02|-02.00": {"x": 0.75, "y": 0.9009991884231567, "z": -1.25, "rotation": {"x": -0.0, "y": 180, "z": 0.0}, "horizon": 0.0, "standing": true}, "Cabinet|+01.75|+02.02|-01.40": {"x": 1.0, "y": 0.9009991884231567, "z": -1.25, "rotation": {"x": -0.0, "y": 90, "z": 0.0}, "horizon": -30.0, "standing": true}, "Cabinet|+01.75|+02.02|-01.03": {"x": 1.0, "y": 0.9009991884231567, "z": -1.0, "rotation": {"x": -0.0, "y": 90, "z": 0.0}, "horizon": 0.0, "standing": true}, "Cabinet|+01.39|+00.47|-01.06": {"x": 0.75, "y": 0.9009991884231567, "z": -1.0, "rotation": {"x": -0.0, "y": 90, "z": 0.0}, "horizon": 30.0, "standing": true}, "Cabinet|+01.74|+02.02|-02.00": {"x": 1.0, "y": 0.9009991884231567, "z": -1.25, "rotation": {"x": -0.0, "y": 180, "z": 0.0}, "horizon": -30.0, "standing": true}, "Cabinet|-01.15|+02.27|-00.84": {"x": -0.5, "y": 0.9009991884231567, "z": -0.5, "rotation": {"x": -0.0, "y": 270, "z": 0.0}, "horizon": -30.0, "standing": true}, "Cabinet|-01.15|+02.02|-00.77": {"x": -0.5, "y": 0.9009991884231567, "z": -0.5, "rotation": {"x": -0.0, "y": 270, "z": 0.0}, "horizon": 0.0, "standing": true}, "CoffeeMachine|+00.50|+00.90|-02.13": {"x": 0.5, "y": 0.9009991884231567, "z": -1.25, "rotation": {"x": -0.0, "y": 180, "z": 0.0}, "horizon": 60.0, "standing": true}, "CounterTop|+01.16|+00.95|-02.01": {"x": 1.0, "y": 0.9009991884231567, "z": -1.25, "rotation": {"x": -0.0, "y": 180, "z": 0.0}, "horizon": 60.0, "standing": true}, "CounterTop|-00.67|+00.95|+00.19": {"x": -0.5, "y": 0.9009991884231567, "z": -0.25, "rotation": {"x": -0.0, "y": 0, "z": 0.0}, "horizon": 30.0, "standing": true}, "CounterTop|-00.63|+01.17|+00.57": {"x": -1.25, "y": 0.9009991884231567, "z": 1.0, "rotation": {"x": -0.0, "y": 180, "z": 0.0}, "horizon": 30.0, "standing": true}, "Drawer|-00.82|+00.75|-01.69": {"x": -0.25, "y": 0.9009991884231567, "z": -1.0, "rotation": {"x": -0.0, "y": 180, "z": 0.0}, "horizon": 30.0, "standing": true}, "Drawer|-00.45|+00.75|-00.01": {"x": -0.5, "y": 0.9009991884231567, "z": -0.5, "rotation": {"x": -0.0, "y": 0, "z": 0.0}, "horizon": 30.0, "standing": true}, "Drawer|-00.07|+00.75|-00.01": {"x": 0.0, "y": 0.9009991884231567, "z": -0.5, "rotation": {"x": -0.0, "y": 0, "z": 0.0}, "horizon": 30.0, "standing": true}, "Fridge|+01.98|+00.00|-00.54": {"x": 1.25, "y": 0.9009991884231567, "z": -0.75, "rotation": {"x": -0.0, "y": 90, "z": 0.0}, "horizon": 30.0, "standing": true}, "GarbageCan|+01.92|-00.01|+00.14": {"x": 1.5, "y": 0.9009991884231567, "z": 0.25, "rotation": {"x": -0.0, "y": 180, "z": 0.0}, "horizon": 60.0, "standing": true}, "Microwave|+01.83|+00.90|-01.35": {"x": 1.0, "y": 0.9009991884231567, "z": -1.25, "rotation": {"x": -0.0, "y": 90, "z": 0.0}, "horizon": 60.0, "standing": true}, "Shelf|+02.76|+00.88|+00.14": {"x": 2.75, "y": 0.9009991884231567, "z": 0.75, "rotation": {"x": -0.0, "y": 180, "z": 0.0}, "horizon": 30.0, "standing": true}, "Shelf|+02.76|+00.55|+00.15": {"x": 2.5, "y": 0.9009991884231567, "z": 1.0, "rotation": {"x": -0.0, "y": 180, "z": 0.0}, "horizon": 30.0, "standing": true}, "Sink|-00.12|+00.88|-02.01|SinkBasin": {"x": 0.0, "y": 0.9009991884231567, "z": -1.25, "rotation": {"x": -0.0, "y": 180, "z": 0.0}, "horizon": 30.0, "standing": true}}